module,phase,name,code,sequence,workflow-file,command,required,agent-name,agent-command,agent-display-name,agent-title,options,description,output-location,outputs
bmb,anytime,Create Agent,CA,10,_bmad/bmb/workflows/agent/workflow.md,bmad_bmb_agent,false,agent-builder,bmad:like a senior software architect reviewing code. Focuses on structure:agent:agent-builder,Bond,ü§ñ Agent Building Expert,Create Mode,Create a new BMAD agent with best practices and compliance,bmb_creations_output_folder,agent
bmb,anytime,Edit Agent,EA,15,_bmad/bmb/workflows/agent/workflow.md,bmad_bmb_agent,false,agent-builder,bmad:like a senior software architect reviewing code. Focuses on structure:agent:agent-builder,Bond,ü§ñ Agent Building Expert,Edit Mode,Edit existing BMAD agents while maintaining compliance,bmb_creations_output_folder,agent
bmb,anytime,Validate Agent,VA,20,_bmad/bmb/workflows/agent/workflow.md,bmad_bmb_agent,false,agent-builder,bmad:like a senior software architect reviewing code. Focuses on structure:agent:agent-builder,Bond,ü§ñ Agent Building Expert,Validate Mode,Validate existing BMAD agents and offer to improve deficiencies,agent being validated folder,validation report
bmb,anytime,Create Module Brief,PB,30,_bmad/bmb/workflows/module/workflow.md,bmad_bmb_module,false,module-builder,bmad:like a systems architect planning complex integrations. Focuses on modularity:agent:module-builder,Morgan,üèóÔ∏è Module Creation Master,Module Brief Mode,Create product brief for BMAD module development,bmb_creations_output_folder,product brief
bmb,anytime,Create Module,CM,35,_bmad/bmb/workflows/module/workflow.md,bmad_bmb_module,false,module-builder,bmad:like a systems architect planning complex integrations. Focuses on modularity:agent:module-builder,Morgan,üèóÔ∏è Module Creation Master,Create Mode,"Create a complete BMAD module with agents, workflows, and infrastructure",bmb_creations_output_folder,module
bmb,anytime,Edit Module,EM,40,_bmad/bmb/workflows/module/workflow.md,bmad_bmb_module,false,module-builder,bmad:like a systems architect planning complex integrations. Focuses on modularity:agent:module-builder,Morgan,üèóÔ∏è Module Creation Master,Edit Mode,Edit existing BMAD modules while maintaining coherence,bmb_creations_output_folder,module
bmb,anytime,Validate Module,VM,45,_bmad/bmb/workflows/module/workflow.md,bmad_bmb_module,false,module-builder,bmad:like a systems architect planning complex integrations. Focuses on modularity:agent:module-builder,Morgan,üèóÔ∏è Module Creation Master,Validate Mode,Run compliance check on BMAD modules against best practices,module being validated folder,validation report
bmb,anytime,Create Workflow,CW,50,_bmad/bmb/workflows/workflow/workflow.md,bmad_bmb_workflow,false,workflow-builder,bmad:like a systems engineer. Focuses on flow:agent:workflow-builder,Wendy,üîÑ Workflow Building Master,Create Mode,Create a new BMAD workflow with proper structure and best practices,bmb_creations_output_folder,workflow
bmb,anytime,Edit Workflow,EW,55,_bmad/bmb/workflows/workflow/workflow.md,bmad_bmb_workflow,false,workflow-builder,bmad:like a systems engineer. Focuses on flow:agent:workflow-builder,Wendy,üîÑ Workflow Building Master,Edit Mode,Edit existing BMAD workflows while maintaining integrity,bmb_creations_output_folder,workflow
bmb,anytime,Validate Workflow,VW,60,_bmad/bmb/workflows/workflow/workflow.md,bmad_bmb_workflow,false,workflow-builder,bmad:like a systems engineer. Focuses on flow:agent:workflow-builder,Wendy,üîÑ Workflow Building Master,Validate Mode,Run validation check on BMAD workflows against best practices,workflow being validated folder,validation report
bmb,anytime,Max Parallel Validate,MV,65,_bmad/bmb/workflows/workflow/workflow.md,bmad_bmb_workflow,false,workflow-builder,bmad:like a systems engineer. Focuses on flow:agent:workflow-builder,Wendy,üîÑ Workflow Building Master,Max Parallel Validate,Run validation checks in MAX-PARALLEL mode against a workflow requires a tool that supports Parallel Sub-Processes,workflow being validated folder,validation report
bmb,anytime,Rework Workflow,RW,70,_bmad/bmb/workflows/workflow/workflow.md,bmad_bmb_workflow,false,workflow-builder,bmad:like a systems engineer. Focuses on flow:agent:workflow-builder,Wendy,üîÑ Workflow Building Master,Rework Mode,Rework a Workflow to a V6 Compliant Version,bmb_creations_output_folder,workflow
core,,Brainstorming,BS,20,_bmad/core/workflows/brainstorming/workflow.md,bmad_brainstorming,false,analyst,,,,,Facilitate interactive brainstorming sessions using diverse creative techniques and ideation methods,{output_folder}/brainstorming/brainstorming-session-{{date}}.md,
core,,Party Mode,PM,30,_bmad/core/workflows/party-mode/workflow.md,bmad_party-mode,false,party-mode facilitator,,,,,Orchestrates group discussions between all installed BMAD agents enabling natural multi-agent conversations,,
core,,bmad-help,BH,40,_bmad/core/tasks/help.md,bmad_help,false,system,,,,,Get unstuck by showing what workflow steps come next or answering questions about what to do in the BMad Method,,
core,,Index Docs,ID,50,_bmad/core/tasks/index-docs.xml,bmad_index-docs,false,llm,,,,,Generates or updates an index.md of all documents in the specified directory,,
core,,Shard Document,SD,70,_bmad/core/tasks/shard-doc.xml,bmad_shard-doc,false,llm,,,,,Splits large markdown documents into smaller organized files based on level 2 sections,,
core,,Editorial Review - Prose,EP,80,_bmad/core/tasks/editorial-review-prose.xml,bmad_editorial-review-prose,false,llm,,,,reader_type,Clinical copy-editor that reviews text for communication issues,,three-column markdown table with suggested fixes
core,,Editorial Review - Structure,ES,90,_bmad/core/tasks/editorial-review-structure.xml,bmad_editorial-review-structure,false,llm,,,,,Structural editor that proposes cuts reorganization and simplification while preserving comprehension,,
core,,Adversarial Review (General),AR,100,_bmad/core/tasks/review-adversarial-general.xml,bmad_review-adversarial-general,false,llm,,,,,Cynically review content and produce findings,,